Provinsi,Kota,Kawasan
Aceh,Banda Aceh,Sumatera
Aceh,Langsa,Sumatera
Aceh,Lhokseumawe,Sumatera
Aceh,Meulaboh,Sumatera
Aceh,Sabang,Sumatera
Aceh,Subulussalam,Sumatera
Bali,Denpasar,Bali dan Nusa Tenggara
Bangka Belitung,Pangkalpinang,Sumatera
Banten,Cilegon,Jawa
Banten,Serang,Jawa
Banten,Tangerang Selatan,Jawa
Banten,Tangerang,Jawa
Bengkulu,Bengkulu,Sumatera
Gorontalo,Gorontalo,Sulawesi
Jakarta,Kota Administrasi Jakarta Barat,Jawa
Jakarta,Kota Administrasi Jakarta Pusat,Jawa
Jakarta,Kota Administrasi Jakarta Selatan,Jawa
Jakarta,Kota Administrasi Jakarta Timur,Jawa
Jakarta,Kota Administrasi Jakarta Utara,Jawa
Jambi,Sungai Penuh,Sumatera
Jambi,Jambi,Sumatera
Jawa Barat,Bandung,Jawa
Jawa Barat,Bekasi,Jawa
Jawa Barat,Bogor,Jawa
Jawa Barat,Cimahi,Jawa
Jawa Barat,Cirebon,Jawa
Jawa Barat,Depok,Jawa
Jawa Barat,Sukabumi,Jawa
Jawa Barat,Tasikmalaya,Jawa
Jawa Barat,Banjar,Jawa
Jawa Tengah,Magelang,Jawa
Jawa Tengah,Pekalongan,Jawa
Jawa Tengah,Purwokerto,Jawa
Jawa Tengah,Salatiga,Jawa
Jawa Tengah,Semarang,Jawa
Jawa Tengah,Surakarta,Jawa
Jawa Tengah,Tegal,Jawa
Jawa Timur,Batu,Jawa
Jawa Timur,Blitar,Jawa
Jawa Timur,Kediri,Jawa
Jawa Timur,Madiun,Jawa
Jawa Timur,Malang,Jawa
Jawa Timur,Mojokerto,Jawa
Jawa Timur,Pasuruan,Jawa
Jawa Timur,Probolinggo,Jawa
Jawa Timur,Surabaya,Jawa
Kalimantan Barat,Pontianak,Kalimantan
Kalimantan Barat,Singkawang,Kalimantan
Kalimantan Selatan,Banjarbaru,Kalimantan
Kalimantan Selatan,Banjarmasin,Kalimantan
Kalimantan Tengah,Palangkaraya,Kalimantan
Kalimantan Timur,Balikpapan,Kalimantan
Kalimantan Timur,Bontang,Kalimantan
Kalimantan Timur,Samarinda,Kalimantan
Kalimantan Utara,Tarakan,Kalimantan
Kepulauan Riau,Batam,Sumatera
Kepulauan Riau,Tanjungpinang,Sumatera
Lampung,Bandar Lampung,Sumatera
Lampung,Metro,Sumatera
Maluku Utara,Ternate,Sumatera
Maluku Utara,Tidore Kepulauan,Maluku dan Papua
Maluku,Ambon,Maluku dan Papua
Maluku,Tual,Maluku dan Papua
Nusa Tenggara Barat,Bima,Bali dan Nusa Tenggara
Nusa Tenggara Barat,Mataram,Bali dan Nusa Tenggara
Nusa Tenggara Timur,Kupang,Bali dan Nusa Tenggara
Papua Barat Daya,Sorong,Papua
Papua Barat,Sorong,Maluku dan Papua
Papua Pengunungan,Yahukimo,Papua
Papua Selatan,Merauke,Papua
Papua Tengah,Mimika,Papua
Papua,Jayapura,Maluku dan Papua
Riau,Dumai,Sumatera
Riau,Pekanbaru,Sumatera
Sulawesi Barat,Pasangkaya,Sulawesi
Sulawesi Barat,Mamasa,Sulawesi
Sulawesi Barat,Mamuju,Sulawesi
Sulawesi Selatan,Makassar,Sulawesi
Sulawesi Selatan,Palopo,Sulawesi
Sulawesi Selatan,Parepare,Sulawesi
Sulawesi Tengah,Palu,Sulawesi
Sulawesi Tenggara,Bau-Bau,Sulawesi
Sulawesi Tenggara,Kendari,Sulawesi
Sulawesi Utara,Bitung,Sulawesi
Sulawesi Utara,Kotamobagu,Sulawesi
Sulawesi Utara,Manado,Sulawesi
Sulawesi Utara,Tomohon,Sulawesi
Sumatera Barat,Bukittinggi,Sumatera
Sumatera Barat,Padang,Sumatera
Sumatera Barat,Padangpanjang,Sumatera
Sumatera Barat,Pariaman,Sumatera
Sumatera Barat,Payakumbuh,Sumatera
Sumatera Barat,Sawahlunto,Sumatera
Sumatera Barat,Solok,Sumatera
Sumatera Selatan,Lubuklinggau,Sumatera
Sumatera Selatan,Pagaralam,Sumatera
Sumatera Selatan,Palembang,Sumatera
Sumatera Selatan,Prabumulih,Sumatera
Sumatera Utara,Binjai,Sumatera
Sumatera Utara,Medan,Sumatera
Sumatera Utara,Padang Sidempuan,Sumatera
Sumatera Utara,Pematangsiantar,Sumatera
Sumatera Utara,Sibolga,Sumatera
Sumatera Utara,Tanjungbalai,Sumatera
Sumatera Utara,Tebingtinggi,Sumatera
Yogyakarta,Yogyakarta,Jawa
